vessel_tagid,in_time,vessel_weight,out_time,loc-seq,loc-seq1,loc-seq2,,,,,,
BANDTAG60,08:52,4.75,19:35,C8-A9-A0,F8-C7-C4-C9-C3,D3-I4,,,,,,
BANDTAG23,17:06,,17:24,C0-B6-C2,D1-C6-H5-A0-C9,F3-A8,,,,,,
BANDTAG03,22:31,4.57,08:10,C1-B7-C1,D5-C6-G2-C9-C2,F2-C9,,,,,,
BANDTAG04,11:15,3.81,19:12,B1-C5-C5,E7-C2-G4-A0-G1,F1-I3,,,,,,
BANDTAG56,08:33,3.32,21:39,C9-C3-C7,D9-C6-C2-A6-C4,F6-A0,,,,,,
BANDTAG30,15:06,3.2,13:29,C6-A8-A2,F1-C7-H5-I4-C6,D9-I6,,,,,,
BANDTAG45,10:46,,17:00,F7-C8-C9-C3-C7,,F1-I8,,,,,,
BANDTAG60,18:13,1.87,08:27,C6-C9-B1,F2-I4-C8-C9-G9,F9-A0,,,,,,
BANDTAG22,11:04,1.5,10:23,C0-B8-B0,E0-C6-H4-I4-H7,D5-I5,,,,,,
BANDTAG79,22:51,,16:07,B9-C8-C9,E0-C5-G3-A0-H7,F8-I0,,,,,,
BANDTAG32,13:01,,18:24,,D3-I9,,,,,,,
BANDTAG40,16:52,2.83,17:06,B1-C7-C6,D2-C6-H3-I2-C2,F0-C5,,,,,,
BANDTAG75,11:17,2.01,18:58,B0-A7-B3,D0-C6-C3-I1-H8,D1-C1,,,,,,
BANDTAG89,18:25,4.28,19:31,C9-A6-C1,F1-C6-G6-C5-H4,F3-A2,,,,,,
BANDTAG07,09:19,3.55,11:49,C9-A6-A2,F1-C6,,,,,,,
BANDTAG62,09:34,1.66,10:13,B8-B6-A6,E1-I0-G3-C9-G1,F1-A1,,,,,,
BANDTAG36,18:07,4.4,15:48,A4-A2-B4,E2-C1-C1-A4-C0,F6-A2,,,,,,
BANDTAG42,14:20,,14:46,C5-C1-B1,D5-C8-H7-C9-C3,F1-I3,,,,,,
BANDTAG18,09:37,,21:48,C7-C9-C2,D0-I9-C1-A5-C1,F4-C7,,,,,,
BANDTAG53,22:11,3.32,,A0-A8-A4,D7-C4-C5-C8-C1,D0-C1,,,,,,
BANDTAG52,23:04,,18:49,F4-C7-C0-I5-G3,,G7-A4,,,,,,
BANDTAG37,23:03,1.16,09:58,A6-A0-A8,E3-I5-C4-I2-C9,D6-I3,,,,,,
BANDTAG78,10:34,,21:22,B8-C0-B4,E9-C9-H9-C5-C9,D4-C8,,,,,,
BANDTAG13,14:42,,18:25,D4-A0,F8-C6-C2-C4-C1,,,,,,,
BANDTAG70,08:54,2.8,14:52,C9-A8-C8,E6-I2-H1-A6-H7,G6-A6,,,,,,
BANDTAG62,19:51,,13:55,A3-C4-C8,E0-I8-H5-I5-C8,D5-I8,,,,,,
BANDTAG77,21:19,,17:51,A1-A2-A2,F8-A6-C1-C7-C1,G9-C3,,,,,,
BANDTAG52,08:15,4.73,13:37,D3-C9,D2-I8-G8-I1-C6,,,,,,,
BANDTAG34,18:27,,,B2-B3-C5,F0-A0-C1-I4-C1,F3-C5,,,,,,
BANDTAG71,18:40,,10:52,B8-C1-B4,F1-A9-G8-A3-G2,F5-C9,,,,,,
BANDTAG85,14:43,1.93,22:37,A9-B6-A2,,G3-C0,,,,,,
BANDTAG61,16:14,,11:29,B7-A8-C5,,F8-I5,,,,,,
BANDTAG74,16:26,,17:18,F7-C2-C6-A7-G1,F9-A8-C2-C6-C2,F6-I5,,,,,,
BANDTAG14,18:15,1.93,12:06,B2-C9-C0,F3-C8-C5-A2-C0,G4-A0,,,,,,
BANDTAG77,17:10,,17:52,A7-C4-C7,,F4-C8,,,,,,
BANDTAG78,14:34,,13:19,C6-B8-B4,D5-A0-H8-A6-C9,F8-I8,,,,,,
BANDTAG96,22:04,,22:24,B9-C6-A2,F8-A0-C2-A0-C1,F7-A6,,,,,,
BANDTAG40,15:26,1.54,20:22,C8-C9-C8,D1-A1-G6-C2-C8,F8-C6,,,,,,
BANDTAG10,19:58,,18:17,C9-A7-A9,F0-C6-C9-A5-G0,G4-C6,,,,,,
BANDTAG77,11:32,,12:51,C3-C8-C3,F5-A2-C3-C7-H8,F4-A4,,,,,,
BANDTAG69,19:53,3.13,19:33,B6-C8-B2,F3-A1-C6-I3-H2,F9-C3,,,,,,
BANDTAG96,11:49,,23:47,A9-C3-C2,F4-C4-H4-A6-G4,F2-A3,,,,,,
BANDTAG62,08:54,,19:48,B6-B9-A6,F1-I6-C2-C3-C7,G5-C8,,,,,,
BANDTAG89,08:53,,09:25,C7-C8-A4,E2-A0-C4-I4-H2,G8-C7,,,,,,
BANDTAG75,12:04,,15:02,A7-C1-A5,F0-I7-H0-I7-C4,D1-A9,,,,,,
BANDTAG25,16:31,,,C2-C0-B2,E5-C6-C5-C1-H5,F5-C2,,,,,,
BANDTAG10,14:49,,,B8-C8-C2,E7-C7-G3-A7-G9,F7-C3,,,,,,
BANDTAG06,23:13,,22:33,C6-C5-C7,D6-A8-C2-I8-C1,F4-C1,,,,,,
BANDTAG10,17:16,4.74,,A7-B7-C9,F5-C4-C2-A6-G7,F9-A7,,,,,,
BANDTAG60,21:21,1.26,,B6-C7-A7,F5-I4-C1-C9-G3,D5-C6,,,,,,
BANDTAG28,14:45,2.47,17:03,B0-A2-A8,F2-I0-H5-C1-C9,G1-A2,,,,,,
BANDTAG27,12:19,1.93,18:05,C0-A6-B9,D5-A7-C4-I7-C4,D9-C7,,,,,,
BANDTAG91,20:25,,11:02,B1-A2-A2,D9-C2-C8-C5-G4,F8-C9,,,,,,
BANDTAG71,18:35,,17:43,C0-B9-C2,F3-A0-H8-C7-C9,G1-C5,,,,,,
BANDTAG39,13:12,,15:35,C5-B4-B1,F3-C4-G3-I0-C3,D0-I4,,,,,,
BANDTAG25,18:50,,23:29,B2-A6-C5,E2-C3-C9-C9-C7,F7-C3,,,,,,
BANDTAG76,17:10,,,A9-C5-C7,D6-C6-G5-C3-G6,D9-C2,,,,,,
BANDTAG13,12:59,,17:20,C2-A0-A4,F6-C0-C0-C6-G7,F2-I1,,,,,,
BANDTAG86,12:09,,18:20,C9-A3-C4,F4-C3-G0-I6-H4,G9-I5,,,,,,
BANDTAG65,23:54,3.14,15:55,A4-A1-C5,E4-A7-H4-C6-H7,D9-C7,,,,,,
BANDTAG74,09:17,2.25,15:34,B3-B4-C3,F0-A5-G2-C4-C9,F2-C6,,,,,,
BANDTAG02,22:59,,18:37,C8-C3-C3,D0-A5-H4-I2-H1,F9-A7,,,,,,
BANDTAG00,08:52,,14:29,C4-C0-C7,D6-I6-C2-I0-G3,F8-C2,,,,,,
BANDTAG50,19:59,2.88,08:59,C9-A0-B4,F4-C7-G9-C0-H7,G2-C2,,,,,,
BANDTAG27,15:25,,23:22,A5-A7-A5,F7-C3-C9-A4-H6,D7-C5,,,,,,
BANDTAG85,20:39,,18:34,A2-B0-C9,E1-C5-C5-C0-G0,F6-I2,,,,,,
BANDTAG74,17:43,4.93,21:00,A6-C7-C8,D6-A4-H1-C3-G5,G7-I4,,,,,,
BANDTAG87,12:38,,20:04,B7-C0-A5,F6-C9-G4-A2-G4,F6-I7,,,,,,
BANDTAG39,13:09,,19:00,A8-C2-B6,D8-I5-C0-A0-C8,G1-C4,,,,,,
BANDTAG28,23:52,,13:28,B9-C6-B9,F6-C1-C5-C3-H4,F1-C2,,,,,,
BANDTAG16,13:24,4.23,19:11,C5-B3-B1,D2-I2-C6-C4-H9,F9-C4,,,,,,
BANDTAG73,16:17,,12:54,B8-C3-B5,F5-A5-C6-C1-H6,G7-C9,,,,,,
BANDTAG34,15:19,,13:11,C0-C1-B2,F3-C3-C1-A2-C1,F9-A9,,,,,,
BANDTAG30,21:50,,22:04,A4-A2-C3,D7-C0-C2-A4-H9,F0-I2,,,,,,
BANDTAG48,16:20,4.94,11:43,B8-A4-A8,D6-C6-C4-I9-C8,G7-C0,,,,,,
BANDTAG45,13:45,,22:19,C5-B5-C7,E3-A8-G1-C6-C8,F2-C7,,,,,,
BANDTAG61,18:39,4.68,23:31,A0-B4-C9,D1-I9-C0-C6-H0,G1-C6,,,,,,
BANDTAG62,08:34,,10:38,C0-C4-A5,D6-C2-H7-I0-C0,D2-I7,,,,,,
BANDTAG43,20:46,2.02,17:54,B9-A8-C4,F6-I4-H0-A6-C6,G3-A3,,,,,,
BANDTAG19,21:27,4.26,21:32,B1-A9-B2,F9-I5-H4-C1-H9,F4-I1,,,,,,
BANDTAG09,14:41,1.58,09:56,C8-C2-C2,D5-I3-C6-I4-C5,F3-I7,,,,,,
BANDTAG57,15:51,4.25,15:26,C8-B8-B7,E5-C4-G7-C1-G9,D5-C3,,,,,,
BANDTAG73,18:03,2.79,09:05,C9-B5-C7,F1-A0-G4-C5-H3,D0-C0,,,,,,
BANDTAG04,19:34,3.37,13:32,A0-B2-B6,F1-C9-C6-I5-G2,F0-C4,,,,,,
BANDTAG13,10:42,2.37,14:38,A6-B3-B7,E2-C7-C2-I5-H9,F6-C4,,,,,,
BANDTAG35,22:30,3.47,11:18,C6-C2-C8,F9-C2-C1-I1-C7,F5-C4,,,,,,
BANDTAG43,15:57,,22:39,C2-C6-A4,E4-C6-H8-C8-G4,G6-A0,,,,,,
BANDTAG84,17:03,,17:57,C0-C6-C3,F5-I5-C6-A5-G7,F3-C2,,,,,,
BANDTAG19,16:40,4.36,19:43,C4-B0-B2,E5-A7-H9-C8-H7,F3-C8,,,,,,
BANDTAG06,18:48,,12:24,B2-A4-A0,E3-I9-C9-C9-C1,F4-A0,,,,,,
BANDTAG17,20:29,3.39,15:05,A0-B2-A2,F9-C5-G8-I9-C2,F4-I6,,,,,,
BANDTAG80,13:11,4.98,,C3-C1-C6,F4-A1-G6-C8-H6,D3-A2,,,,,,
BANDTAG59,22:42,,22:01,C3-A1-C6,F7-C2-C2-A0-C7,D8-A7,,,,,,
BANDTAG23,10:02,,18:10,C8-A3-C7,D7-C2-C6-C2-C1,F8-C1,,,,,,
BANDTAG05,17:23,1.21,14:04,A2-A2-C5,E3-C4-C0-A7-G7,F0-I6,,,,,,
BANDTAG67,13:17,1.7,09:34,A1-C7-B9,F4-I3-C5-C3-C7,G8-I2,,,,,,
BANDTAG19,11:15,2.71,10:33,C8-C2-A6,F7-A6-H6-I1-H5,G4-I8,,,,,,
BANDTAG30,11:23,,11:24,C1-C6-B7,F0-I6-C5-A0-C7,F4-I2,,,,,,
BANDTAG29,08:45,,17:34,C0-C4-A9,F9-C7-C3-C0-G3,F3-A0,,,,,,
BANDTAG41,20:25,,09:31,A7-C2-A2,F6-A3-C8-C5-C4,G9-C1,,,,,,
BANDTAG03,13:41,4.97,11:58,C7-C5-A5,E2-I8-C7-C0-C5,F3-A9,,,,,,
BANDTAG59,09:40,1.09,16:08,B4-B7-A1,E1-C0-H7-C0-G5,G1-A3,,,,,,
BANDTAG53,13:48,3.41,09:09,B8-B4-A0,F6-A1-C2-A9-H6,F9-I0,,,,,,
BANDTAG26,14:03,,19:42,B8-C0-A0,E2-A5-G5-A7-H1,G1-A6,,,,,,
BANDTAG28,14:06,2.68,17:49,C1-C6-C0,E1-I3-G4-C9-G6,G9-I2,,,,,,
BANDTAG58,15:01,,19:02,A8-A9-A3,F3-C8-G6-C6-G6,D2-C7,,,,,,
BANDTAG53,17:00,,18:18,B4-C6-C9,D8-C7-C2-A1-H5,D7-C3,,,,,,
BANDTAG37,13:16,,08:07,A0-C7-C9,E4-C1-C9-C8-C1,F7-I1,,,,,,
BANDTAG45,21:40,,20:47,C9-B1-B4,F1-C3-G9-C0-G5,F2-C9,,,,,,
BANDTAG86,17:33,4.24,23:08,C5-B6-C0,F7-A3-H8-A8-G5,F6-C0,,,,,,
BANDTAG04,13:13,,17:34,A0-A7-C2,F3-A3-H8-A3-C9,F8-C8,,,,,,
BANDTAG39,09:49,,14:37,C8-C1-B0,F5-C4-G7-A5-G8,F7-C5,,,,,,
BANDTAG13,18:57,1.59,10:39,B9-A5-C4,F3-I6-H3-I3-H8,F5-A1,,,,,,
BANDTAG13,11:32,2.93,09:41,B6-C9-C8,F2-C3-C4-I0-C0,G1-C1,,,,,,
BANDTAG11,11:59,3.77,,C0-C4-C2,E8-I0-H1-I1-G1,F4-I1,,,,,,
BANDTAG23,16:35,2.61,19:37,C9-B9-C5,F5-I8-G9-I3-C8,D3-C5,,,,,,
BANDTAG30,15:59,,16:27,C0-C1-C2,F8-C6-C3-I4-C1,F8-C1,,,,,,
BANDTAG24,19:28,1.19,16:05,C0-C2-B9,F6-I6-H9-A0-C9,F8-C6,,,,,,
BANDTAG89,16:49,,18:27,C4-B3-A4,D4-C9-C4-C5-G0,G4-C0,,,,,,
BANDTAG47,08:10,,16:54,B4-A8-B2,E3-C9-C8-I2-C8,F9-I8,,,,,,
BANDTAG85,21:26,3.86,11:48,B4-C3-C0,F3-C2-C4-C1-H7,F2-A3,,,,,,
BANDTAG90,20:50,,13:30,C8-B9-B5,E1-A2-G0-C8-H2,G5-C4,,,,,,
BANDTAG03,19:27,,,B7-B7-A6,F0-I3-H1-I3-C6,F9-A8,,,,,,
BANDTAG98,19:25,,14:57,C4-C5-B3,E7-A1-C5-I8-H3,F1-C1,,,,,,
BANDTAG92,12:48,,17:55,B0-B5-C5,E0-A0-C1-C1-C8,F6-A3,,,,,,
BANDTAG75,22:29,2.66,09:56,A2-A3-A7,F0-A5-C0-A3-C6,F8-A2,,,,,,
BANDTAG04,10:09,,08:17,B4-B3-C0,F5-C5-C6-C9-H5,D2-C6,,,,,,
BANDTAG32,17:59,1.57,22:28,C5-A6-C6,D3-C2-H8-C7-H5,F1-A7,,,,,,
BANDTAG67,11:39,,09:25,A0-A0-A1,E4-A3-G7-C5-H9,G9-C2,,,,,,
BANDTAG02,13:24,4.05,16:03,C4-C2-A1,E6-A0-H7-A7-C3,F1-C9,,,,,,
BANDTAG04,16:38,1.76,,A1-A9-A9,F7-I0-C8-I4-H6,F3-C9,,,,,,
BANDTAG62,23:21,2.01,18:07,A7-A5-C1,F0-C8-C4-A5-H9,F2-I9,,,,,,
BANDTAG58,17:45,,,B8-A3-C1,E7-I5-G3-I9-H8,F6-C1,,,,,,
BANDTAG52,11:30,1.19,19:08,A8-C4-B7,E9-C2-C2-I7-C4,F7-I1,,,,,,
BANDTAG00,20:35,4.31,23:00,C2-C5-B8,E8-C7-G2-A1-H9,F1-A4,,,,,,
BANDTAG03,10:07,,21:12,C1-C6-C4,D5-C1-H0-I5-C8,D7-A6,,,,,,
BANDTAG92,21:38,1.69,08:49,C5-A7-C4,D2-A5-H9-C4-G9,D7-C5,,,,,,
BANDTAG30,10:48,1.24,23:15,B5-C5-C0,F3-I9-G2-C7-H8,D8-A8,,,,,,
BANDTAG08,23:24,,21:56,C6-A8-C8,E7-I5-C6-C3-C9,D3-C3,,,,,,
BANDTAG26,10:46,2.58,18:56,C5-B3-C6,D0-C9-G5-A7-C1,F1-A7,,,,,,
BANDTAG38,15:21,,,B7-C9-C9,E9-C8-C5-C0-C3,F7-C5,,,,,,
BANDTAG29,09:12,3.84,14:50,A5-C8-C3,F1-I1-C7-I4-H6,G1-C7,,,,,,
BANDTAG18,15:04,,14:48,A5-C8-A7,F1-C2-C2-C2-C7,F1-C0,,,,,,
BANDTAG90,13:12,4.59,23:45,B3-C8-A4,E7-I7-C8-I0-C8,D0-C2,,,,,,
BANDTAG46,20:55,,16:20,B7-A1-A2,E8-A6-C5-C5-G1,D3-C0,,,,,,
BANDTAG61,08:39,1.57,11:55,C2-C0-B8,F8-C7-G8-I7-G7,F2-I3,,,,,,
BANDTAG74,09:58,2.09,16:55,C8-A5-A7,D0-I8-C0-A0-G2,F4-I2,,,,,,
BANDTAG29,09:09,,16:55,C8-A4-B4,F2-C9-C7-I1-H8,F5-C0,,,,,,
BANDTAG23,14:36,,22:26,C5-B9-A3,F7-C2-C1-I1-C2,D3-A3,,,,,,
BANDTAG44,11:08,,21:10,B9-B6-C2,D7-A5-C1-I7-H7,G0-A0,,,,,,
BANDTAG38,10:08,,15:44,C0-C8-B9,F3-A2-H9-C6-C2,F7-I9,,,,,,
BANDTAG24,19:57,4.89,,C5-C8-C1,F7-I1-G0-C0-C9,D7-C7,,,,,,
BANDTAG03,09:48,,10:57,B4-C5-A4,F8-C4-C9-A8-G2,G6-C5,,,,,,
BANDTAG67,13:24,,15:10,C9-A2-C2,E3-C2-G6-I8-G8,G4-I8,,,,,,
BANDTAG11,21:51,,19:26,C3-C0-B8,F1-C9-H8-A8-H7,F3-A5,,,,,,
BANDTAG64,10:28,,,C6-C0-B8,D8-C5-C7-I3-C6,D5-C4,,,,,,
BANDTAG32,19:34,,21:06,C2-A2-B6,F6-C7-H8-A5-C5,F4-C6,,,,,,
BANDTAG90,09:43,,12:50,B5-C3-A0,E6-I1-C7-C8-H9,F3-I5,,,,,,
BANDTAG18,16:46,,10:16,B6-B1-A0,D0-C7-G7-A6-C8,G8-C5,,,,,,
BANDTAG12,16:26,,14:18,C7-C6-C0,F4-C1-H9-C6-G6,D0-A2,,,,,,
BANDTAG75,09:47,2.14,21:34,B1-A9-A8,F4-I0-H7-I5-C4,F9-C5,,,,,,
BANDTAG80,23:43,2.79,10:42,A1-C2-C5,E8-C9-H6-A1-C2,F5-I8,,,,,,
BANDTAG53,12:23,,13:03,A6-C3-A5,D7-I7-C8-C1-C5,D7-A6,,,,,,
BANDTAG20,20:42,,13:34,C8-C8-B4,F2-C1-C8-C8-C3,D1-A5,,,,,,
BANDTAG98,17:07,,12:24,C9-C6-A1,F1-C4-C9-I2-C9,F6-C8,,,,,,
BANDTAG55,12:10,4.4,20:03,C3-C2-B1,E7-A8-G5-C8-C3,D8-C2,,,,,,
BANDTAG61,08:03,,09:07,A4-C8-C0,F0-C5-G5-A6-C1,G6-A7,,,,,,
BANDTAG05,14:33,3.89,23:22,B7-A0-C9,D0-C7-G6-C5-H4,F7-C6,,,,,,
BANDTAG94,18:15,,23:57,C4-A4-C8,E6-A4-G5-A8-G1,F2-A4,,,,,,
BANDTAG37,22:34,4.71,21:46,C0-C7-A5,F5-I4-G6-C9-C5,F8-C1,,,,,,
BANDTAG77,08:13,,10:16,C8-C4-C7,F2-C7-G1-A3-C1,F8-A1,,,,,,
BANDTAG66,17:01,2.23,10:51,C9-B5-A8,E1-C0-H8-C1-H7,F7-C5,,,,,,
BANDTAG66,23:12,3.81,14:55,C8-C8-C0,E4-A6-C6-A0-C3,F6-C1,,,,,,
BANDTAG81,16:32,4.09,18:53,B7-C9-C3,D0-I6-C6-C8-C8,F4-C3,,,,,,
BANDTAG47,16:42,3.65,12:13,C5-C9-C7,F8-C7-H6-C7-C4,F8-C9,,,,,,
BANDTAG87,11:45,1.91,09:09,B5-B8-C7,F8-C4-G2-C0-C8,G5-I9,,,,,,
BANDTAG86,15:06,,,A0-B1-C5,E7-A2-H9-C3-C3,D1-C4,,,,,,
BANDTAG99,19:06,4.4,22:47,C3-C9-C9,F3-I8-C0-I7-G3,D1-A2,,,,,,
BANDTAG86,09:13,,08:41,C5-A2-B9,E9-I9-H3-A5-G2,D7-C2,,,,,,
BANDTAG27,23:48,3.49,20:23,C7-C4-B5,F7-C1-H3-C0-C2,F6-I5,,,,,,
BANDTAG26,10:36,,16:32,C7-C4-C8,E0-C4-C3-C0-H0,G0-C9,,,,,,
BANDTAG11,14:22,,,B8-C2-A0,E9-I0-G8-C4-G2,G7-I8,,,,,,
BANDTAG17,14:01,,23:03,B6-C0-B0,E9-A2-G4-C6-H2,F1-C0,,,,,,
BANDTAG17,14:45,,08:33,B9-B9-C2,F1-C5-C0-C4-H3,F4-C3,,,,,,
BANDTAG11,11:16,4.06,11:11,B7-A8-B3,D8-C8-G4-C2-C6,F0-C5,,,,,,
BANDTAG50,13:39,2.97,19:25,A4-B7-C7,D7-C1-G2-A4-H2,D7-C4,,,,,,
BANDTAG95,13:18,,11:11,A1-C0-A3,D1-C0-H5-C3-C5,G0-C1,,,,,,
BANDTAG65,11:45,3.39,19:57,A0-B6-C7,E1-I6-C8-C8-H6,D5-A7,,,,,,
BANDTAG80,21:52,,10:09,B0-A1-C1,F3-C7-C6-A1-C4,F9-C9,,,,,,
BANDTAG85,12:19,,19:54,B0-A0-B1,E9-C0-H0-C5-G3,F8-C7,,,,,,
BANDTAG50,19:43,,15:26,C0-C9-C9,F6-C8-C9-C1-C9,D4-A3,,,,,,
BANDTAG14,11:18,3.07,14:09,B6-C1-B6,E2-C0-H5-C3-C4,F8-A8,,,,,,
BANDTAG13,23:28,,23:21,C7-C7-A0,F3-C2-C7-C9-H4,F2-C9,,,,,,
BANDTAG46,16:36,,21:35,B5-A6-B9,F5-C1-C3-I6-C5,F3-C7,,,,,,
BANDTAG57,12:49,1.31,10:32,A5-B7-A6,E8-I2-H3-C0-C2,F1-C7,,,,,,
BANDTAG89,20:40,2.05,14:09,C7-C3-B8,E7-I1-C3-I0-H5,G5-I6,,,,,,
BANDTAG46,19:53,4.73,22:51,C4-C7-C5,F6-C7-C3-I9-H3,F8-C3,,,,,,
BANDTAG89,22:41,3.58,19:59,C9-C0-C7,E5-C4-G5-I9-C8,G6-A1,,,,,,
BANDTAG50,15:25,,21:32,A4-C4-A6,F5-A1-C7-C9-G0,D1-C5,,,,,,
BANDTAG19,09:17,3.37,18:45,C8-B2-A0,E9-C3-C9-C7-C6,G5-A8,,,,,,
BANDTAG97,19:23,,21:43,A1-C0-B0,F7-I5-C0-I3-C8,D2-A0,,,,,,
BANDTAG38,21:17,4.77,11:52,C6-C2-C5,D1-A3-C8-C8-C8,F6-C2,,,,,,
BANDTAG95,16:23,3.89,18:43,A2-C0-A4,F9-I2-G0-I3-C6,G5-C1,,,,,,
BANDTAG31,15:48,,,C1-A5-B5,E7-C8-C8-I3-C2,D7-C3,,,,,,
BANDTAG99,20:01,,09:14,B7-C7-B5,E8-C0-H6-C1-C9,D4-C6,,,,,,
BANDTAG62,12:54,,19:15,C7-C6-A2,F6-C2-G8-A4-C3,F0-A7,,,,,,
BANDTAG26,10:01,,22:28,C3-B4-B5,F4-C2-C5-C3-C6,F8-I0,,,,,,
BANDTAG77,08:32,1.92,23:15,C8-B5-C4,F6-C5-H6-C8-C6,G3-I7,,,,,,
BANDTAG44,14:52,3.93,15:27,C0-B4-A5,F4-I2-C8-C3-G6,F4-C5,,,,,,
BANDTAG33,22:42,,19:18,B1-A9-C2,F9-C6-C3-C8-C3,F2-C0,,,,,,
BANDTAG57,20:32,,17:42,B0-C9-C9,D9-C7-C3-I3-C0,F2-C1,,,,,,
BANDTAG32,20:36,,21:26,B6-C9-C5,D8-I0-H5-I8-G1,F5-I4,,,,,,
BANDTAG01,14:15,1.55,08:42,C6-A3-B6,F2-C3-C2-A7-C3,G3-I9,,,,,,
BANDTAG81,09:44,2.19,21:19,B9-C9-C0,E9-C0-H4-I9-C9,F5-I1,,,,,,
BANDTAG15,18:25,,,A9-C5-C5,D3-C9-C1-A4-C2,D2-C4,,,,,,
BANDTAG86,13:02,,12:13,C1-C6-C4,F3-A6-C3-I7-C2,D2-C1,,,,,,
BANDTAG60,16:50,,12:37,C5-B3-C1,F9-I4-C6-C7-H8,F9-I5,,,,,,
BANDTAG69,20:03,4.93,15:05,A1-A2-B8,F4-I5-C4-A2-C2,D1-A5,,,,,,
BANDTAG26,09:40,2.63,20:26,A2-A9-B8,E5-C9-G4-A6-G7,G1-C2,,,,,,
BANDTAG84,23:40,,11:15,C8-C8-C9,E1-I1-G6-C1-H7,F0-C3,,,,,,
BANDTAG00,17:57,,11:53,B4-C5-C5,E6-C2-G3-C4-C3,D0-C8,,,,,,
BANDTAG09,16:42,,20:44,C1-C8-C1,F2-A6-C0-A0-C4,D7-I5,,,,,,
BANDTAG78,15:35,4.5,08:31,C2-C1-C8,E1-I8-G7-C1-H5,F3-I3,,,,,,
BANDTAG37,15:10,2.74,11:12,C7-C6-C8,F4-C2-C1-C5-G8,F7-C9,,,,,,
BANDTAG87,23:22,,23:58,C3-C5-C7,F1-C5-C3-A7-C0,G0-C5,,,,,,
BANDTAG24,16:25,,19:32,A5-C9-B5,D1-C3-H4-C4-C9,F9-A7,,,,,,
BANDTAG91,16:09,,15:00,C2-C2-C1,D6-C0-G5-C9-G1,D4-I8,,,,,,
BANDTAG30,08:34,,08:47,C0-C2-C3,F5-C8-C2-C2-C1,F4-A0,,,,,,
BANDTAG92,09:27,1.53,18:28,C7-C8-B6,E1-I9-H1-C5-H8,F6-C7,,,,,,
BANDTAG20,22:45,1.42,10:07,A8-B5-C0,F7-I0-H6-C9-G5,G5-C0,,,,,,
BANDTAG86,08:16,,13:15,C6-A2-C2,E9-I5-C5-C8-H0,D8-C1,,,,,,
BANDTAG08,19:28,2.32,12:57,B4-C5-B2,F0-A6-C3-I4-C0,F8-C8,,,,,,
BANDTAG25,10:54,,11:15,A9-B7-C8,F5-A4-C7-C0-G4,G1-A0,,,,,,
BANDTAG84,21:09,1.18,15:32,C5-A8-C0,E2-C6-C9-C5-C8,F1-C7,,,,,,
BANDTAG35,14:05,1.45,16:40,C6-C0-C1,F9-C3-C9-C8-C4,G0-C4,,,,,,
BANDTAG67,11:48,3.74,15:14,C2-A3-C1,D2-C4-H3-A2-C9,F7-I9,,,,,,
BANDTAG40,12:45,1.94,15:29,A1-B1-C4,E6-C1-G4-A4-H3,G7-A0,,,,,,
BANDTAG48,14:12,2.87,16:57,B8-A4-C1,E8-I1-H3-A6-H9,D8-I5,,,,,,
BANDTAG78,22:33,2.52,11:21,A4-C7-B7,F2-C9-H1-C4-G1,G0-A6,,,,,,
BANDTAG04,21:37,1.05,10:01,C3-C0-A8,F1-A1-G8-I2-C7,G7-I0,,,,,,
BANDTAG38,20:01,2.1,,C8-C5-C7,F2-C5-G2-C1-C3,D2-I6,,,,,,
BANDTAG56,22:24,,13:47,A9-C1-B1,F9-A4-C1-A9-C6,F9-A4,,,,,,
BANDTAG45,21:51,3.1,23:38,A4-A9-C3,F5-C7-G6-I5-H6,F9-I4,,,,,,
BANDTAG15,20:42,2.21,22:47,C6-C7-C8,F5-C1-C5-C9-C5,G8-I5,,,,,,
BANDTAG16,19:32,,18:26,B9-A6-A1,F8-C1-H6-A7-H9,F9-A7,,,,,,
BANDTAG98,15:45,1.46,10:21,A9-C3-B4,F5-A1-C0-C0-C8,D2-A9,,,,,,
BANDTAG27,13:04,,15:39,A6-C6-C8,E6-I4-G4-A9-C1,D7-C0,,,,,,
BANDTAG41,09:17,1.9,15:41,C5-C2-A1,F7-A0-C3-C9-G5,D9-C6,,,,,,
BANDTAG38,16:52,,09:13,A5-C4-C0,D0-A9-C0-C3-C0,F6-C6,,,,,,
BANDTAG57,22:22,2.26,,A2-A1-B9,D9-I1-G1-C7-C1,D1-A0,,,,,,
BANDTAG32,20:13,4.9,23:41,B4-C9-B4,F6-C4-H8-C7-G1,F2-I1,,,,,,
BANDTAG17,17:56,3.96,23:17,B9-C5-A8,F1-C2-G5-C1-C4,G8-A3,,,,,,
BANDTAG55,20:05,,,B2-A5-C2,E5-A3-C8-I0-H4,F4-C7,,,,,,
BANDTAG26,18:47,3.23,19:29,B2-C5-C8,F0-A6-C3-I1-H3,F7-C0,,,,,,
BANDTAG59,12:48,,13:03,A2-C9-C9,E3-A9-C8-C7-H5,F3-C4,,,,,,
BANDTAG44,19:25,4.37,22:46,C2-B3-B7,F0-A5-C3-C1-C1,F4-C9,,,,,,
BANDTAG76,22:37,,,B5-C1-C2,D7-I5-C3-C7-C5,D7-C8,,,,,,
BANDTAG90,09:38,4.35,21:41,A6-C5-A3,F4-I2-C2-C2-H4,G6-C0,,,,,,
BANDTAG12,11:56,2.56,18:39,C7-C2-A3,E7-C8-H8-I3-G0,D0-C9,,,,,,
BANDTAG48,17:07,3.99,10:16,A6-C8-C7,F1-I6-G1-C2-C0,G7-I5,,,,,,
BANDTAG76,13:39,,18:25,C8-A8-B1,D3-C5-H5-A3-C1,D2-I8,,,,,,
BANDTAG62,09:55,,12:24,A8-C2-B1,F6-C6-C5-C2-H1,D6-C8,,,,,,
BANDTAG53,14:21,,23:08,C9-A8-A0,E3-I3-G0-A1-H9,G1-I8,,,,,,
BANDTAG04,08:12,,18:59,C0-B7-B4,F6-I9-C7-A8-H7,F0-I5,,,,,,
BANDTAG54,10:22,,11:33,B7-C8-A0,D1-C3-H5-A5-C5,F2-C1,,,,,,
BANDTAG11,23:09,1.2,,B3-A6-C2,F3-A5-G8-A7-G2,F5-C3,,,,,,
BANDTAG71,09:12,1.04,,B6-C7-C8,F9-I8-H6-C7-C9,F8-C3,,,,,,
BANDTAG99,22:18,,20:43,A0-A1-C8,E3-C9-G2-I8-H6,G6-C0,,,,,,
BANDTAG58,18:20,,16:25,C2-B9-C3,E0-C2-G9-I5-H6,F4-A1,,,,,,
BANDTAG41,09:27,,22:21,A0-A1-B1,F1-A3-H8-A0-C1,F3-I1,,,,,,
BANDTAG18,09:48,,08:19,B5-A7-A0,F8-I2-G4-C0-C6,D2-C4,,,,,,
BANDTAG93,18:01,,09:35,C5-C2-C8,F2-C3-C6-A3-H0,F4-I9,,,,,,
BANDTAG57,23:03,1.93,19:14,A8-C4-A2,E0-C7-C7-C0-C0,G6-A7,,,,,,
BANDTAG32,08:07,2.35,11:01,A3-C2-A5,F3-C8-H4-A5-C7,D0-I5,,,,,,
BANDTAG64,19:27,,18:42,C6-C7-B9,E4-C4-H4-C9-C3,F0-C8,,,,,,
BANDTAG14,13:35,,23:30,B9-C2-C0,E6-C6-H8-C2-C1,G8-C4,,,,,,
BANDTAG13,11:34,3.02,13:26,B7-C3-A0,F3-A1-C9-A1-H0,F1-A2,,,,,,
BANDTAG05,12:09,,20:40,B0-C4-C0,D7-A8-C9-C6-H9,G4-C4,,,,,,
BANDTAG89,21:02,,16:31,C2-C4-C7,F4-A3-C4-C0-C7,F7-A7,,,,,,
BANDTAG71,21:01,,10:32,C0-B7-C8,F6-I0-C3-I2-C1,G3-I0,,,,,,
BANDTAG31,14:10,1.68,12:46,A7-C1-C0,F4-A7-G6-A4-H6,F1-C3,,,,,,
BANDTAG62,08:30,4.62,10:31,C9-C5-C1,F3-A3-G6-C9-C5,F2-A6,,,,,,
BANDTAG13,17:00,,22:27,B4-B8-C1,D0-A7-C6-I3-H5,G0-C5,,,,,,
BANDTAG85,15:22,4.6,23:18,C6-B1-C3,F8-I4-G6-A3-C3,F2-C2,,,,,,
BANDTAG03,08:50,,12:55,A6-C6-A9,E8-A3-C6-C0-C6,F6-C9,,,,,,
BANDTAG60,19:46,,15:09,B3-B5-C2,F2-C2-C7-A4-G4,G4-C8,,,,,,
BANDTAG95,12:37,4.93,15:22,A4-B8-B3,E8-A0-G5-A2-C4,F8-I8,,,,,,
BANDTAG08,09:07,,23:02,C7-B3-C5,F7-I5-G5-C9-G7,F7-C7,,,,,,
BANDTAG40,19:03,,15:38,B4-B4-A5,F7-A5-H0-I9-C3,F9-A8,,,,,,
BANDTAG99,11:53,,17:32,B9-C6-B6,D0-C0-G1-C2-H7,G2-I2,,,,,,
BANDTAG89,10:21,1.29,12:57,B3-B4-A0,E0-C9-G1-A8-G9,F2-I5,,,,,,
BANDTAG80,20:04,,15:14,C9-A6-B2,F0-C7-H7-C2-G8,D0-I7,,,,,,
BANDTAG93,09:18,,22:31,C3-C3-B3,F6-A9-G2-I8-C7,F4-I7,,,,,,
BANDTAG17,17:39,1.9,12:21,C1-C8-C3,F3-C6-C8-C2-H1,G4-C1,,,,,,
BANDTAG44,14:34,,09:41,B7-C8-C7,D2-C7-H1-I3-G7,F9-C0,,,,,,
BANDTAG76,23:10,,18:38,C2-A1-A5,D9-I4-C0-I1-C5,G7-C5,,,,,,
BANDTAG15,16:14,3.87,17:47,B1-C3-A6,F6-I6-G6-C3-C0,F8-I7,,,,,,
BANDTAG29,22:13,1.41,15:54,B4-C4-C3,E2-I8-G1-C3-H3,F5-C6,,,,,,
BANDTAG68,21:44,,10:24,C3-B7-C4,F9-C2-C1-C9-C1,D2-A1,,,,,,
BANDTAG49,23:40,,18:40,C6-B0-C2,E8-A8-G1-A8-C7,F6-A1,,,,,,
BANDTAG02,12:49,2.28,,A4-C7-C4,D9-I1-H7-A2-G7,F3-A5,,,,,,
BANDTAG29,23:10,3.24,,B5-A2-C0,F8-A4-H0-I8-C2,G2-I2,,,,,,
BANDTAG57,20:14,,19:56,B8-C2-C5,F6-I8-C0-I5-H9,F0-I9,,,,,,
BANDTAG72,21:35,,22:10,C7-A7-A3,F6-C0-C8-C4-C4,D9-C2,,,,,,
BANDTAG72,08:45,,,B1-B4-B6,F2-A3-G6-C0-C7,D0-C0,,,,,,
BANDTAG37,18:53,,12:37,B0-A9-B1,F7-I9-G0-I6-G4,F9-A3,,,,,,
BANDTAG46,22:03,,19:12,B5-C0-C6,F7-C0-C5-A6-H4,G3-C9,,,,,,
BANDTAG85,12:05,4.5,23:58,B3-A8-B1,E8-C5-G0-I9-C3,G3-I7,,,,,,
BANDTAG20,10:37,3.26,,A7-A3-C4,F6-C1-G4-C4-H0,D2-I3,,,,,,
BANDTAG05,17:09,2.78,14:26,C9-C0-B3,E9-C5-C5-C3-C4,G2-A4,,,,,,
BANDTAG39,12:05,,17:35,A5-C9-C2,F0-C7-G6-I7-C3,D3-C6,,,,,,
BANDTAG31,16:47,3.16,13:15,C9-C5-A1,D1-C3-H3-A0-H7,F4-A8,,,,,,
BANDTAG98,18:23,1.9,10:01,A0-C2-B3,E1-C9-G4-C1-C1,F0-C8,,,,,,
BANDTAG96,15:05,3.78,12:23,B9-C8-C9,F0-C0-C3-C1-G9,F8-C9,,,,,,
BANDTAG13,19:01,3.4,08:40,B5-A9-C3,E4-A8-C3-C4-H9,D8-C9,,,,,,
BANDTAG32,22:39,,10:08,A9-A3-C0,F0-A2-C6-A5-C2,F1-C2,,,,,,
BANDTAG92,18:55,,22:22,C5-C1-A9,D9-A3-H0-C5-H6,D5-C3,,,,,,
BANDTAG26,09:51,,,A1-C0-C1,D6-I1-C7-C5-C1,D3-A8,,,,,,
BANDTAG57,10:48,3.36,12:17,A2-A7-C4,F6-C4-C6-C1-C4,F3-I5,,,,,,
BANDTAG38,12:38,,12:47,C2-C6-C8,E8-C7-C4-A2-C3,G9-A7,,,,,,
BANDTAG66,18:49,4.47,10:38,C4-B0-C0,D0-C8-C2-C3-C6,G7-C1,,,,,,
BANDTAG72,21:02,,,C4-C1-C1,E4-I9-G9-C9-C9,F2-C2,,,,,,
BANDTAG67,16:52,,10:54,A1-C9-B3,E7-C5-C6-C7-C4,F3-I7,,,,,,
BANDTAG76,20:23,,13:52,C3-C9-A9,E2-A1-C1-C0-C6,F9-I9,,,,,,
BANDTAG81,18:28,3.45,13:44,A6-B2-C3,F3-C6-C9-C2-C8,F7-A7,,,,,,
BANDTAG82,23:15,,,B0-C2-C6,D1-C7-G9-I2-H7,D7-C2,,,,,,
BANDTAG10,18:40,1.89,10:51,C9-A3-B0,E3-C6-H7-I6-G7,F6-A4,,,,,,
BANDTAG93,18:19,,23:38,C4-A6-A5,E5-A4-C4-I6-H2,F7-C5,,,,,,
BANDTAG65,23:58,4.55,14:07,A6-C0-C8,D8-C6-C7-C7-H0,F9-A1,,,,,,
BANDTAG44,12:06,,10:49,A5-B1-C7,E7-C0-C7-A7-G4,F8-I0,,,,,,
BANDTAG17,22:04,1.89,18:31,A9-C2-C5,D2-A7-C1-I3-C0,F6-C6,,,,,,
BANDTAG07,18:02,3.11,16:01,A5-C9-A7,F7-I5-H1-A3-G5,D8-A5,,,,,,
BANDTAG68,15:16,3.71,17:39,B5-A9-A8,E5-I0-C2-C5-C6,D3-I1,,,,,,
BANDTAG53,15:58,,22:48,C2-C0-C7,F4-A0-G9-I7-G1,G6-I0,,,,,,
BANDTAG22,15:06,,20:07,C4-C0-B2,F3-C3-C6-C4-G2,F6-C1,,,,,,
BANDTAG16,09:48,1.75,15:47,B0-C3-B6,F9-I7-G0-I9-C9,F6-A3,,,,,,
BANDTAG66,12:40,4.82,15:35,B7-C4-C2,F8-A3-G6-C1-C3,F0-C1,,,,,,
BANDTAG53,08:35,,17:34,A5-A6-C7,F3-I0-C4-C2-C2,F5-I0,,,,,,
BANDTAG02,16:50,,10:34,B6-A4-C8,D8-I4-C2-I6-C3,F6-A3,,,,,,
BANDTAG96,12:43,2.85,20:47,B5-C4-C0,D1-C4-H3-C1-C7,F6-C7,,,,,,
BANDTAG36,14:45,,13:29,B9-C0-B6,D2-A8-H6-C5-C5,F0-I6,,,,,,
BANDTAG35,12:46,4.24,10:35,C5-A7-C6,F3-C7-C7-I2-H0,G4-A9,,,,,,
BANDTAG56,10:44,,19:38,C3-B2-C2,F0-C5-C2-I8-G9,F9-I7,,,,,,
BANDTAG35,11:48,3.22,20:25,A1-C7-B3,F3-C8-C1-I0-H9,F2-C4,,,,,,
BANDTAG38,18:47,2.96,,A0-C5-C7,D8-I3-H6-A5-C0,G9-C6,,,,,,
BANDTAG18,20:17,,20:41,B1-A9-C1,D5-C2-H1-C2-C8,F6-A3,,,,,,
BANDTAG01,09:22,2.71,11:09,A4-B5-C0,F6-C7-H3-A8-C6,F8-A8,,,,,,
BANDTAG60,11:30,2.99,23:19,A9-C4-C8,F8-C5-C6-A3-C2,G5-C0,,,,,,
BANDTAG24,23:13,,,C1-A3-C8,F3-I6-C2-I3-C8,F9-I1,,,,,,
BANDTAG49,18:37,4.93,11:32,B7-A3-A6,D6-I3-C2-C8-G6,G6-A8,,,,,,
BANDTAG97,09:35,1.1,18:14,A0-C7-C4,E8-A7-H5-C5-H5,D8-C9,,,,,,
BANDTAG38,20:44,1.23,21:37,B3-A0-C5,F6-I2-C2-I8-G0,F1-C5,,,,,,
BANDTAG54,23:00,,,C9-C2-A3,D9-C7-G0-A6-G6,F6-C0,,,,,,
BANDTAG96,14:05,,11:03,B2-A1-B5,F5-I6-H6-A1-C5,F1-I4,,,,,,
BANDTAG93,20:57,,15:50,C1-B0-C1,D8-C0-G9-C7-G6,F0-I8,,,,,,
BANDTAG40,11:05,,15:00,C0-C6-C0,E2-C1-C5-C5-C0,D6-I4,,,,,,
BANDTAG88,12:11,4.42,18:07,C7-B2-C2,F7-A0-G1-C2-C2,F8-A7,,,,,,
BANDTAG60,18:21,3.91,23:40,B1-A7-B5,D7-C6-H7-C8-C3,F3-I3,,,,,,
BANDTAG56,15:01,,13:18,B8-C9-C6,D9-I7-H5-I9-H3,D8-C9,,,,,,
BANDTAG02,18:31,2.32,11:45,C7-C6-C0,D2-C9-G3-I0-H1,F5-C0,,,,,,
BANDTAG66,23:13,1.57,20:40,A9-A8-C9,E9-C2-C4-I9-C2,F3-A3,,,,,,
BANDTAG92,10:26,,08:10,A8-A5-C6,F1-C6-C9-A6-C1,F3-C8,,,,,,
BANDTAG14,10:28,4.44,09:31,C5-B0-B5,D2-A9-C3-I7-C1,F8-C1,,,,,,
BANDTAG62,20:29,3.52,16:25,C5-B1-B2,D5-A7-H1-C3-H8,F7-I9,,,,,,
BANDTAG12,13:30,,21:41,C5-C6-C2,F8-I4-C0-C2-C5,D2-I7,,,,,,
BANDTAG72,17:19,3.58,16:12,C7-A5-A2,F2-C1-H8-I3-G9,F8-A3,,,,,,
BANDTAG36,19:19,3.85,13:19,B6-C4-C4,D4-C7-H2-C5-C6,G6-A4,,,,,,
BANDTAG19,10:09,,16:49,C3-A2-B2,F7-C2-G6-C5-C1,G5-C5,,,,,,
BANDTAG71,18:32,1.37,14:40,C1-A2-C4,E2-C0-C9-I2-C0,F7-C1,,,,,,
BANDTAG93,17:38,,,C5-A3-B9,E2-C1-C5-A2-G9,F2-I2,,,,,,
BANDTAG22,08:48,,19:01,C9-A8-C7,F8-C7-H1-C4-H1,F4-I3,,,,,,
BANDTAG53,09:53,,13:00,C0-C2-C1,F2-A7-G9-A3-G2,F4-A9,,,,,,
BANDTAG49,09:07,2.23,15:02,B2-C3-C9,F8-A9-G8-C2-H9,D9-I1,,,,,,
BANDTAG80,17:16,1.32,09:32,C9-C2-B0,D3-A9-G5-I8-H3,D1-I3,,,,,,
BANDTAG11,11:05,,23:47,C5-C1-A9,F4-C0-C3-A6-C6,F9-I4,,,,,,
BANDTAG04,10:30,,16:43,C8-B6-A5,E0-C3-G3-C4-C2,G2-I1,,,,,,
BANDTAG39,12:13,,15:03,B9-C0-C7,E5-C4-G0-A4-C5,G3-C5,,,,,,
BANDTAG05,09:26,,09:33,C1-C2-B0,F4-I8-G0-A5-H2,F1-I1,,,,,,
BANDTAG89,09:32,1.68,11:18,A2-C2-A6,F9-C9-C8-C3-C7,F2-C7,,,,,,
BANDTAG98,09:39,,20:25,C1-C4-B2,F2-C8-H8-C8-C7,F3-A2,,,,,,
BANDTAG92,17:57,,18:16,C1-B6-C1,E6-A5-G0-I2-G9,F8-A8,,,,,,
BANDTAG91,23:56,3.95,08:30,C2-B0-C9,E9-A8-C9-A1-C3,D2-A6,,,,,,
BANDTAG79,18:24,,09:02,C4-B0-C3,E0-C4-H8-I2-H3,F3-C1,,,,,,
BANDTAG71,14:13,,16:38,B0-A3-B5,F7-C9-C0-I0-C2,D9-C0,,,,,,
BANDTAG85,15:00,,14:56,C0-A5-C3,E6-I5-G6-C9-C1,G0-C4,,,,,,
BANDTAG63,18:23,,23:34,B9-B9-C1,D1-C5-G2-I4-H4,F9-C8,,,,,,
BANDTAG18,09:58,,,B8-A9-A7,D2-I2-C4-C0-C6,D5-C8,,,,,,
BANDTAG78,22:52,3.09,18:31,C7-B1-B2,D5-C1-H3-C1-C6,D3-A6,,,,,,
BANDTAG07,08:09,3.96,15:52,C1-A4-C7,F9-C6-C5-C7-H6,G1-C8,,,,,,
BANDTAG36,22:08,,16:20,B0-C6-A9,F1-I8-C0-A1-H1,G4-C9,,,,,,
BANDTAG07,20:26,1.58,15:36,C6-A2-C8,E3-C6-H3-I3-C0,G0-I5,,,,,,
BANDTAG94,13:59,4.93,15:02,B0-B0-C7,F7-C6-G3-I2-C7,F2-A0,,,,,,
BANDTAG62,18:20,3.76,19:53,C2-A0-C9,F0-I1-C7-C5-H6,F7-A3,,,,,,
BANDTAG05,20:02,,15:24,C7-B7-A2,E7-A0-C6-C2-H8,D6-C3,,,,,,
BANDTAG69,19:33,1.73,10:19,C4-A5-C8,F5-C8-H0-C4-C6,D4-I5,,,,,,
BANDTAG54,08:00,3.17,18:50,A0-C4-B1,E2-I5-C4-C7-G8,F2-C3,,,,,,
BANDTAG38,19:49,2.43,16:17,B4-B9-B5,F6-C4-G6-C3-G5,G2-I7,,,,,,
BANDTAG87,16:58,,21:09,A5-C3-C2,F0-C3-C2-A9-G4,G8-C1,,,,,,
BANDTAG13,14:11,,19:56,C2-A3-A1,F9-C8-C0-I9-C3,F6-C2,,,,,,
BANDTAG75,18:21,,09:14,C9-C1-C4,E8-C8-C5-C6-C6,F6-I7,,,,,,
BANDTAG54,23:24,,08:29,C4-C7-A5,F7-A3-C2-A5-C2,D0-I4,,,,,,
BANDTAG17,10:54,3.65,11:42,C1-C7-B2,F3-I4-G6-C4-C6,F7-I2,,,,,,
BANDTAG80,18:11,3.3,11:41,A1-A4-A1,F5-C3-H5-C1-C1,F3-C2,,,,,,
BANDTAG91,22:18,4.14,21:55,C1-C7-A7,D9-C0-H2-I5-H2,G9-I6,,,,,,
BANDTAG39,22:31,,23:48,B1-C1-C0,D9-C3-C8-I1-C1,F0-C4,,,,,,
BANDTAG83,15:04,1.28,16:55,A7-B0-A3,F4-C5-C9-A2-C1,F4-I8,,,,,,
BANDTAG98,08:56,4.62,13:13,A1-C3-A0,F6-A9-C4-C2-C6,F5-C0,,,,,,
BANDTAG60,10:04,,09:22,B1-A6-B2,F5-I4-C7-C2-H9,F8-C7,,,,,,
BANDTAG17,11:07,,15:08,C4-C6-C2,D3-A4-C6-C9-C7,G7-I2,,,,,,
BANDTAG57,08:58,2.06,23:45,A8-C3-B3,E7-C8-G2-A2-C4,G2-A7,,,,,,
BANDTAG51,17:46,2.72,13:04,A5-A6-C2,E3-A1-C2-I5-C6,D9-I7,,,,,,
BANDTAG05,22:14,1.95,10:22,A1-C3-C2,F8-C0-C1-C1-G6,D4-A3,,,,,,
BANDTAG90,22:21,2.97,,C1-B1-B2,F9-I0-H8-I3-C4,F1-C0,,,,,,
BANDTAG93,12:44,4.85,17:06,B6-A9-C1,F6-C6-C0-C0-C0,D6-I2,,,,,,
BANDTAG23,14:43,,18:18,A7-B5-B4,D0-C8-G8-C8-H6,G9-C0,,,,,,
BANDTAG53,15:13,,17:40,C5-C1-B4,D0-C6-H0-C2-H8,F9-C3,,,,,,
BANDTAG58,16:25,1.51,15:10,B8-C2-A9,F3-C0-C8-A2-C2,F4-C8,,,,,,
BANDTAG88,13:36,,08:00,A3-C5-B9,F2-C5-C7-I2-H8,F1-A3,,,,,,
BANDTAG45,19:27,2.14,22:18,B9-C6-A4,D2-C3-H1-C2-G0,G2-C9,,,,,,
BANDTAG10,08:28,,09:43,C8-C9-A5,D9-A9-C0-C4-C3,D9-C9,,,,,,
BANDTAG21,16:36,,17:32,A0-B3-C9,D3-C8-C2-I9-C5,F2-C3,,,,,,
BANDTAG43,11:53,3.61,08:02,C9-C4-C8,F6-I0-H3-C2-C6,D4-C9,,,,,,
BANDTAG41,18:49,1.33,18:26,C5-B2-C9,D9-I9-G3-C2-H3,G7-A2,,,,,,
BANDTAG64,17:49,1.89,14:19,C2-A5-C3,F6-I4-G5-C2-C3,F1-A5,,,,,,
BANDTAG22,10:14,2.4,21:56,C2-C7-A5,D9-I7-G8-C6-C6,F7-C9,,,,,,
BANDTAG81,19:33,4.78,12:28,C3-C0-A6,F4-A7-C9-I6-C9,G0-C6,,,,,,
BANDTAG79,12:37,3.26,,A7-A4-A9,F6-A4-C6-C0-C0,G1-I3,,,,,,
BANDTAG54,13:37,1.93,19:00,C4-B9-B1,F5-A9-G5-C7-G3,G3-C7,,,,,,
BANDTAG95,14:13,2.3,20:14,B8-C5-B4,E6-A8-H9-A9-H3,F3-A3,,,,,,
BANDTAG47,10:07,,14:19,C0-B2-B9,D9-A0-C0-C8-G8,G1-I4,,,,,,
BANDTAG60,23:50,4.2,20:38,B8-A9-B2,E4-C5-H6-C3-G2,D8-A5,,,,,,
BANDTAG58,15:57,3.25,17:52,C7-A4-C5,E7-A3-C4-A0-G9,D6-I4,,,,,,
BANDTAG49,16:21,,09:23,A8-B8-A4,E8-C6-H9-I4-H4,D2-I9,,,,,,
BANDTAG11,12:53,4.65,,B9-A3-C5,D3-C2-G8-I8-C9,F1-C7,,,,,,
BANDTAG80,11:43,,08:10,A1-B3-B2,F3-C5-C2-C9-C5,D7-I6,,,,,,
BANDTAG65,17:34,1.53,23:56,B7-B8-B0,E9-C3-H6-C4-H4,F5-C2,,,,,,
BANDTAG61,19:02,2.22,22:59,A6-A7-B4,F7-I8-G0-I8-C4,F0-C9,,,,,,
BANDTAG96,14:06,,18:08,B1-A7-B6,F1-C8-G4-C6-C4,G7-C6,,,,,,
BANDTAG93,09:27,2.44,19:26,C9-A1-A0,F5-C1-H3-C7-C8,G4-C6,,,,,,
BANDTAG58,23:41,4.86,14:12,A2-C6-A8,E3-C0-C3-A0-C1,G5-C4,,,,,,
BANDTAG66,16:20,,21:22,C4-A8-B0,E4-C2-C5-A7-C4,F0-C3,,,,,,
BANDTAG85,16:03,,17:29,C8-C2-B1,E7-C5-C4-A4-C8,F5-A2,,,,,,
BANDTAG85,18:00,,14:00,C8-C5-C8,F0-C2-C7-C5-G1,F9-C9,,,,,,
BANDTAG96,16:06,2.6,18:38,B4-C9-A5,E7-C5-C6-C8-C3,F0-C7,,,,,,
BANDTAG45,12:54,,22:10,C6-A9-A4,D0-A8-H8-C4-H7,F9-I2,,,,,,
BANDTAG93,13:42,4.18,,B4-B8-C2,D6-A7-H6-C7-C7,G4-C9,,,,,,
BANDTAG39,17:59,,18:07,A9-C3-C2,F2-A6-C4-A5-H3,G5-C8,,,,,,
BANDTAG48,13:33,,14:47,B8-A6-C6,D0-I8-C3-C0-C2,F4-C6,,,,,,
BANDTAG96,21:38,,,C7-A2-A8,E0-C1-C3-A1-H2,D1-A4,,,,,,
BANDTAG21,14:56,,08:21,B4-B2-B5,E5-C6-C6-C1-C8,F3-C8,,,,,,
BANDTAG65,12:11,,17:58,C5-C0-A7,F0-C7-C4-I8-H7,F7-I6,,,,,,
BANDTAG01,09:12,1.46,20:24,A3-B6-B9,E1-C2-H1-C7-C7,F6-A0,,,,,,
BANDTAG47,23:55,1.76,14:35,A3-C8-A8,E1-A7-C4-C6-G8,G1-I5,,,,,,
BANDTAG40,17:58,,10:43,C2-B6-A5,E9-C4-H0-C7-C5,G3-A8,,,,,,
BANDTAG43,20:51,1.69,15:47,A1-C8-B5,F8-C0-C7-I1-H8,D0-I6,,,,,,
BANDTAG32,14:34,4.82,17:57,A8-B0-C8,E7-C1-C5-C6-H0,F9-I0,,,,,,
BANDTAG66,20:02,1.78,17:24,C5-C0-C9,F6-A9-G0-I2-G9,F2-I6,,,,,,
BANDTAG48,16:19,1.61,16:10,B6-A0-C5,E9-C8-C5-A1-C9,F2-C9,,,,,,
BANDTAG12,15:15,,18:58,C9-C0-C5,D8-C2-C2-C9-H0,F2-C7,,,,,,
BANDTAG82,09:40,,23:23,B9-C5-C4,D0-C3-G0-A2-C4,F1-C7,,,,,,
BANDTAG78,20:58,4.99,10:54,A9-C6-C4,F7-I1-C7-A4-C4,F2-C0,,,,,,
BANDTAG26,14:11,1.36,15:23,C3-B5-A1,D2-A5-C7-C1-H4,F8-I5,,,,,,
BANDTAG30,16:25,,21:55,C6-C0-B7,E1-C3-C3-I7-C8,F0-I4,,,,,,
BANDTAG92,22:02,3.35,15:33,A8-C6-C3,F3-I5-H9-I7-C8,F9-A3,,,,,,
BANDTAG09,20:05,2.71,14:58,C7-A4-B5,F4-C0-C3-C0-G5,G0-I3,,,,,,
BANDTAG67,08:35,,15:23,C9-C3-C5,D0-C3-H0-A8-G3,F7-I0,,,,,,
BANDTAG46,22:33,,18:19,C2-C8-B5,F0-C3-C7-C5-G3,D0-A6,,,,,,
BANDTAG34,11:31,3.26,09:00,C2-C0-A6,E9-I2-G9-C9-C2,G6-A3,,,,,,
BANDTAG78,22:43,2.19,09:16,A6-C5-C4,E5-I2-G7-C9-G1,F8-I4,,,,,,
BANDTAG68,09:29,3.46,,C1-B5-C6,F9-A1-C8-I9-H0,F7-C0,,,,,,
BANDTAG78,18:14,,08:51,C1-A0-C4,F0-I7-H6-A5-G9,D3-C5,,,,,,
BANDTAG63,13:38,3.97,23:19,C2-C9-C3,F5-C1-C9-C2-C5,F3-C8,,,,,,
BANDTAG34,15:38,3.98,08:58,A8-C2-B3,D4-A5-C0-C9-G4,F0-C9,,,,,,
BANDTAG53,09:49,3.43,23:21,C8-A4-A8,F6-C5-C5-C9-H7,F9-A2,,,,,,
BANDTAG67,14:48,,12:04,C3-A7-C0,D0-I7-C9-C6-H2,F3-A6,,,,,,
BANDTAG48,14:08,4.67,12:46,C1-C0-C3,F1-A5-C3-A8-C7,F6-A1,,,,,,
BANDTAG28,21:43,3.08,,C5-C6-C8,D0-I8-C0-C0-C1,D2-A3,,,,,,
BANDTAG41,17:17,,13:15,C1-C7-C1,E9-I0-G6-C3-G4,F0-C0,,,,,,
BANDTAG36,18:36,4.25,13:05,C5-C5-A6,E1-I4-C4-C9-C7,F6-I6,,,,,,
BANDTAG94,23:02,,23:47,A9-C5-C3,F3-C4-C0-I7-G2,G1-A0,,,,,,
BANDTAG39,17:51,3.16,18:47,C3-A2-A6,F3-A6-C6-C0-C7,D2-I1,,,,,,
BANDTAG42,21:23,,19:15,C5-A0-C7,F4-A9-H2-C2-C0,F2-C5,,,,,,
BANDTAG07,17:45,3.05,08:47,C1-C5-B3,F0-A0-C7-C0-C7,D9-C0,,,,,,
BANDTAG80,14:10,,18:41,C0-C3-B0,F4-C9-G9-C1-C3,F9-C1,,,,,,
BANDTAG45,18:22,,23:20,A4-C9-B6,F3-C9-C0-C6-C2,D2-C8,,,,,,
BANDTAG34,10:35,1.58,08:06,C2-C4-B9,D7-A8-C9-C1-H4,F7-C6,,,,,,
BANDTAG97,20:58,3.3,,A7-A9-C0,F7-C3-C5-C2-C5,F3-C6,,,,,,
BANDTAG99,19:14,,17:01,B6-B7-A2,F4-I8-H6-C1-H9,F4-I0,,,,,,
BANDTAG32,16:55,,20:13,B4-A9-A7,D2-C2-C3-A6-H7,G5-C0,,,,,,
BANDTAG27,11:33,,,C2-C8-B7,F0-C8-C8-C2-C1,F3-I2,,,,,,
BANDTAG77,23:09,4.23,15:14,B1-C1-C3,F4-C5-H8-A5-C2,D5-I2,,,,,,
BANDTAG34,09:15,1.58,19:37,B4-A8-C3,F3-C5-G7-I5-G9,G2-A8,,,,,,
BANDTAG16,23:54,,23:44,C0-B2-C8,F2-I0-G4-A9-C9,F6-A6,,,,,,
BANDTAG58,23:39,,14:10,B5-B1-C9,F5-A4-H4-A4-C1,F4-C2,,,,,,
BANDTAG46,22:54,4.54,12:47,A0-C5-C6,D7-C9-C2-C3-G1,F5-C9,,,,,,
BANDTAG16,14:21,,23:43,C1-A8-A7,F1-I8-C9-A2-C7,F5-C5,,,,,,
BANDTAG25,12:30,2.71,14:54,A8-A5-B6,F4-C7-C0-A3-H6,F7-C4,,,,,,
BANDTAG00,20:37,,13:59,A3-B3-A8,E9-C7-G3-C4-C5,G6-A5,,,,,,
BANDTAG34,15:32,2.01,13:58,C7-C7-C1,D0-C8-H8-C0-C6,F8-C0,,,,,,
,,2.03,11:05,C0-C5-C8,F8-A1-C0-I6-C1,F9-C6,,,,,,
